Industry_code;Industry_name;Work_type;Year;Turnover_mDKK
41000;Construction of buildings;New buildings and extensions;2015;41147
41000;Construction of buildings;New buildings and extensions;2016;47689
41000;Construction of buildings;New buildings and extensions;2017;55647
41000;Construction of buildings;New buildings and extensions;2018;58247
41000;Construction of buildings;New buildings and extensions;2019;63452
41000;Construction of buildings;New buildings and extensions;2020;64667
41000;Construction of buildings;New buildings and extensions;2021;71772
41000;Construction of buildings;New buildings and extensions;2022;74987
41000;Construction of buildings;New buildings and extensions;2023;73796
41000;Construction of buildings;New buildings and extensions;2024;71095
41000;Construction of buildings;New buildings and extensions_housing;2015;25896
41000;Construction of buildings;New buildings and extensions_housing;2016;27795
41000;Construction of buildings;New buildings and extensions_housing;2017;31897
41000;Construction of buildings;New buildings and extensions_housing;2018;35751
41000;Construction of buildings;New buildings and extensions_housing;2019;38814
41000;Construction of buildings;New buildings and extensions_housing;2020;45785
41000;Construction of buildings;New buildings and extensions_housing;2021;49011
41000;Construction of buildings;New buildings and extensions_housing;2022;41873
41000;Construction of buildings;New buildings and extensions_housing;2023;40109
41000;Construction of buildings;New buildings and extensions_housing;2024;37677
41000;Construction of buildings;New buildings and extensions_other;2015;15251
41000;Construction of buildings;New buildings and extensions_other;2016;19894
41000;Construction of buildings;New buildings and extensions_other;2017;23750
41000;Construction of buildings;New buildings and extensions_other;2018;22496
41000;Construction of buildings;New buildings and extensions_other;2019;24638
41000;Construction of buildings;New buildings and extensions_other;2020;18882
41000;Construction of buildings;New buildings and extensions_other;2021;22761
41000;Construction of buildings;New buildings and extensions_other;2022;33114
41000;Construction of buildings;New buildings and extensions_other;2023;33687
41000;Construction of buildings;New buildings and extensions_other;2024;33418
41000;Construction of buildings;Repair and maintenance_major repair_housing;2015;5686
41000;Construction of buildings;Repair and maintenance_major repair_housing;2016;9108
41000;Construction of buildings;Repair and maintenance_major repair_housing;2017;9009
41000;Construction of buildings;Repair and maintenance_major repair_housing;2018;10729
41000;Construction of buildings;Repair and maintenance_major repair_housing;2019;10412
41000;Construction of buildings;Repair and maintenance_major repair_housing;2020;7443
41000;Construction of buildings;Repair and maintenance_major repair_housing;2021;9409
41000;Construction of buildings;Repair and maintenance_major repair_housing;2022;10458
41000;Construction of buildings;Repair and maintenance_major repair_housing;2023;10715
41000;Construction of buildings;Repair and maintenance_major repair_housing;2024;9563
41000;Construction of buildings;Repair and maintenance_major repair_other;2015;5126
41000;Construction of buildings;Repair and maintenance_major repair_other;2016;5317
41000;Construction of buildings;Repair and maintenance_major repair_other;2017;3234
41000;Construction of buildings;Repair and maintenance_major repair_other;2018;3149
41000;Construction of buildings;Repair and maintenance_major repair_other;2019;2933
41000;Construction of buildings;Repair and maintenance_major repair_other;2020;5453
41000;Construction of buildings;Repair and maintenance_major repair_other;2021;4611
41000;Construction of buildings;Repair and maintenance_major repair_other;2022;3463
41000;Construction of buildings;Repair and maintenance_major repair_other;2023;3280
41000;Construction of buildings;Repair and maintenance_major repair_other;2024;2692
41000;Construction of buildings;Repair and maintenance_maintenance_housing;2015;1157
41000;Construction of buildings;Repair and maintenance_maintenance_housing;2016;1360
41000;Construction of buildings;Repair and maintenance_maintenance_housing;2017;1012
41000;Construction of buildings;Repair and maintenance_maintenance_housing;2018;1202
41000;Construction of buildings;Repair and maintenance_maintenance_housing;2019;1260
41000;Construction of buildings;Repair and maintenance_maintenance_housing;2020;3287
41000;Construction of buildings;Repair and maintenance_maintenance_housing;2021;1755
41000;Construction of buildings;Repair and maintenance_maintenance_housing;2022;1908
41000;Construction of buildings;Repair and maintenance_maintenance_housing;2023;1934
41000;Construction of buildings;Repair and maintenance_maintenance_housing;2024;3846
41000;Construction of buildings;Repair and maintenance_maintenance_other;2015;1179
41000;Construction of buildings;Repair and maintenance_maintenance_other;2016;858
41000;Construction of buildings;Repair and maintenance_maintenance_other;2017;1048
41000;Construction of buildings;Repair and maintenance_maintenance_other;2018;1359
41000;Construction of buildings;Repair and maintenance_maintenance_other;2019;1934
41000;Construction of buildings;Repair and maintenance_maintenance_other;2020;1310
41000;Construction of buildings;Repair and maintenance_maintenance_other;2021;2309
41000;Construction of buildings;Repair and maintenance_maintenance_other;2022;1798
41000;Construction of buildings;Repair and maintenance_maintenance_other;2023;2046
41000;Construction of buildings;Repair and maintenance_maintenance_other;2024;2013
41000;Construction of buildings;Civil engineering;2015;6705
41000;Construction of buildings;Civil engineering;2016;6393
41000;Construction of buildings;Civil engineering;2017;7715
41000;Construction of buildings;Civil engineering;2018;7139
41000;Construction of buildings;Civil engineering;2019;5861
41000;Construction of buildings;Civil engineering;2020;12625
41000;Construction of buildings;Civil engineering;2021;13562
41000;Construction of buildings;Civil engineering;2022;17284
41000;Construction of buildings;Civil engineering;2023;18023
41000;Construction of buildings;Civil engineering;2024;16929
41000;Construction of buildings;Civil engineering_new construction;2015;5298
41000;Construction of buildings;Civil engineering_new construction;2016;4957
41000;Construction of buildings;Civil engineering_new construction;2017;6184
41000;Construction of buildings;Civil engineering_new construction;2018;5462
41000;Construction of buildings;Civil engineering_new construction;2019;3658
41000;Construction of buildings;Civil engineering_new construction;2020;10539
41000;Construction of buildings;Civil engineering_new construction;2021;11415
41000;Construction of buildings;Civil engineering_new construction;2022;15131
41000;Construction of buildings;Civil engineering_new construction;2023;15778
41000;Construction of buildings;Civil engineering_new construction;2024;15387
41000;Construction of buildings;Civil engineering_major repair;2015;1044
41000;Construction of buildings;Civil engineering_major repair;2016;895
41000;Construction of buildings;Civil engineering_major repair;2017;1161
41000;Construction of buildings;Civil engineering_major repair;2018;578
41000;Construction of buildings;Civil engineering_major repair;2019;1913
41000;Construction of buildings;Civil engineering_major repair;2020;1184
41000;Construction of buildings;Civil engineering_major repair;2021;1191
41000;Construction of buildings;Civil engineering_major repair;2022;1293
41000;Construction of buildings;Civil engineering_major repair;2023;1304
41000;Construction of buildings;Civil engineering_major repair;2024;1188
41000;Construction of buildings;Civil engineering_maintenance;2015;363
41000;Construction of buildings;Civil engineering_maintenance;2016;541
41000;Construction of buildings;Civil engineering_maintenance;2017;369
41000;Construction of buildings;Civil engineering_maintenance;2018;1099
41000;Construction of buildings;Civil engineering_maintenance;2019;290
41000;Construction of buildings;Civil engineering_maintenance;2020;902
41000;Construction of buildings;Civil engineering_maintenance;2021;955
41000;Construction of buildings;Civil engineering_maintenance;2022;860
41000;Construction of buildings;Civil engineering_maintenance;2023;941
41000;Construction of buildings;Civil engineering_maintenance;2024;354
41000;Construction of buildings;Other occupation;2015;406
41000;Construction of buildings;Other occupation;2016;852
41000;Construction of buildings;Other occupation;2017;598
41000;Construction of buildings;Other occupation;2018;685
41000;Construction of buildings;Other occupation;2019;775
41000;Construction of buildings;Other occupation;2020;1837
41000;Construction of buildings;Other occupation;2021;2339
41000;Construction of buildings;Other occupation;2022;2666
41000;Construction of buildings;Other occupation;2023;4552
41000;Construction of buildings;Other occupation;2024;928
42000;Civil engineering;New buildings and extensions;2015;2374
42000;Civil engineering;New buildings and extensions;2016;2167
42000;Civil engineering;New buildings and extensions;2017;2320
42000;Civil engineering;New buildings and extensions;2018;5005
42000;Civil engineering;New buildings and extensions;2019;4775
42000;Civil engineering;New buildings and extensions;2020;6849
42000;Civil engineering;New buildings and extensions;2021;7723
42000;Civil engineering;New buildings and extensions;2022;9347
42000;Civil engineering;New buildings and extensions;2023;9375
42000;Civil engineering;New buildings and extensions;2024;6820
42000;Civil engineering;New buildings and extensions_housing;2015;998
42000;Civil engineering;New buildings and extensions_housing;2016;624
42000;Civil engineering;New buildings and extensions_housing;2017;961
42000;Civil engineering;New buildings and extensions_housing;2018;1526
42000;Civil engineering;New buildings and extensions_housing;2019;1470
42000;Civil engineering;New buildings and extensions_housing;2020;2303
42000;Civil engineering;New buildings and extensions_housing;2021;2880
42000;Civil engineering;New buildings and extensions_housing;2022;3818
42000;Civil engineering;New buildings and extensions_housing;2023;2318
42000;Civil engineering;New buildings and extensions_housing;2024;1659
42000;Civil engineering;New buildings and extensions_other;2015;1376
42000;Civil engineering;New buildings and extensions_other;2016;1543
42000;Civil engineering;New buildings and extensions_other;2017;1359
42000;Civil engineering;New buildings and extensions_other;2018;3479
42000;Civil engineering;New buildings and extensions_other;2019;3305
42000;Civil engineering;New buildings and extensions_other;2020;4546
42000;Civil engineering;New buildings and extensions_other;2021;4843
42000;Civil engineering;New buildings and extensions_other;2022;5529
42000;Civil engineering;New buildings and extensions_other;2023;7057
42000;Civil engineering;New buildings and extensions_other;2024;5161
42000;Civil engineering;Repair and maintenance_major repair_housing;2015;391
42000;Civil engineering;Repair and maintenance_major repair_housing;2016;494
42000;Civil engineering;Repair and maintenance_major repair_housing;2017;359
42000;Civil engineering;Repair and maintenance_major repair_housing;2018;1040
42000;Civil engineering;Repair and maintenance_major repair_housing;2019;947
42000;Civil engineering;Repair and maintenance_major repair_housing;2020;1028
42000;Civil engineering;Repair and maintenance_major repair_housing;2021;1610
42000;Civil engineering;Repair and maintenance_major repair_housing;2022;4982
42000;Civil engineering;Repair and maintenance_major repair_housing;2023;2499
42000;Civil engineering;Repair and maintenance_major repair_housing;2024;875
42000;Civil engineering;Repair and maintenance_major repair_other;2015;166
42000;Civil engineering;Repair and maintenance_major repair_other;2016;107
42000;Civil engineering;Repair and maintenance_major repair_other;2017;652
42000;Civil engineering;Repair and maintenance_major repair_other;2018;1085
42000;Civil engineering;Repair and maintenance_major repair_other;2019;816
42000;Civil engineering;Repair and maintenance_major repair_other;2020;970
42000;Civil engineering;Repair and maintenance_major repair_other;2021;1313
42000;Civil engineering;Repair and maintenance_major repair_other;2022;1730
42000;Civil engineering;Repair and maintenance_major repair_other;2023;2059
42000;Civil engineering;Repair and maintenance_major repair_other;2024;1283
42000;Civil engineering;Repair and maintenance_maintenance_housing;2015;368
42000;Civil engineering;Repair and maintenance_maintenance_housing;2016;169
42000;Civil engineering;Repair and maintenance_maintenance_housing;2017;303
42000;Civil engineering;Repair and maintenance_maintenance_housing;2018;1196
42000;Civil engineering;Repair and maintenance_maintenance_housing;2019;1059
42000;Civil engineering;Repair and maintenance_maintenance_housing;2020;1373
42000;Civil engineering;Repair and maintenance_maintenance_housing;2021;1538
42000;Civil engineering;Repair and maintenance_maintenance_housing;2022;1977
42000;Civil engineering;Repair and maintenance_maintenance_housing;2023;2717
42000;Civil engineering;Repair and maintenance_maintenance_housing;2024;420
42000;Civil engineering;Repair and maintenance_maintenance_other;2015;980
42000;Civil engineering;Repair and maintenance_maintenance_other;2016;161
42000;Civil engineering;Repair and maintenance_maintenance_other;2017;456
42000;Civil engineering;Repair and maintenance_maintenance_other;2018;1057
42000;Civil engineering;Repair and maintenance_maintenance_other;2019;901
42000;Civil engineering;Repair and maintenance_maintenance_other;2020;1259
42000;Civil engineering;Repair and maintenance_maintenance_other;2021;1536
42000;Civil engineering;Repair and maintenance_maintenance_other;2022;1964
42000;Civil engineering;Repair and maintenance_maintenance_other;2023;2290
42000;Civil engineering;Repair and maintenance_maintenance_other;2024;1090
42000;Civil engineering;Civil engineering;2015;28837
42000;Civil engineering;Civil engineering;2016;26882
42000;Civil engineering;Civil engineering;2017;23533
42000;Civil engineering;Civil engineering;2018;28502
42000;Civil engineering;Civil engineering;2019;30683
42000;Civil engineering;Civil engineering;2020;26299
42000;Civil engineering;Civil engineering;2021;26544
42000;Civil engineering;Civil engineering;2022;35104
42000;Civil engineering;Civil engineering;2023;40056
42000;Civil engineering;Civil engineering;2024;36738
42000;Civil engineering;Civil engineering_new construction;2015;20705
42000;Civil engineering;Civil engineering_new construction;2016;18361
42000;Civil engineering;Civil engineering_new construction;2017;16562
42000;Civil engineering;Civil engineering_new construction;2018;21339
42000;Civil engineering;Civil engineering_new construction;2019;23153
42000;Civil engineering;Civil engineering_new construction;2020;17145
42000;Civil engineering;Civil engineering_new construction;2021;18907
42000;Civil engineering;Civil engineering_new construction;2022;22856
42000;Civil engineering;Civil engineering_new construction;2023;27551
42000;Civil engineering;Civil engineering_new construction;2024;27124
42000;Civil engineering;Civil engineering_major repair;2015;3945
42000;Civil engineering;Civil engineering_major repair;2016;4530
42000;Civil engineering;Civil engineering_major repair;2017;3008
42000;Civil engineering;Civil engineering_major repair;2018;2436
42000;Civil engineering;Civil engineering_major repair;2019;2868
42000;Civil engineering;Civil engineering_major repair;2020;4071
42000;Civil engineering;Civil engineering_major repair;2021;5425
42000;Civil engineering;Civil engineering_major repair;2022;6746
42000;Civil engineering;Civil engineering_major repair;2023;6694
42000;Civil engineering;Civil engineering_major repair;2024;5920
42000;Civil engineering;Civil engineering_maintenance;2015;4187
42000;Civil engineering;Civil engineering_maintenance;2016;3991
42000;Civil engineering;Civil engineering_maintenance;2017;3963
42000;Civil engineering;Civil engineering_maintenance;2018;4728
42000;Civil engineering;Civil engineering_maintenance;2019;4662
42000;Civil engineering;Civil engineering_maintenance;2020;5083
42000;Civil engineering;Civil engineering_maintenance;2021;2212
42000;Civil engineering;Civil engineering_maintenance;2022;5502
42000;Civil engineering;Civil engineering_maintenance;2023;5812
42000;Civil engineering;Civil engineering_maintenance;2024;3694
42000;Civil engineering;Other occupation;2015;1091
42000;Civil engineering;Other occupation;2016;1031
42000;Civil engineering;Other occupation;2017;2171
42000;Civil engineering;Other occupation;2018;1865
42000;Civil engineering;Other occupation;2019;2452
42000;Civil engineering;Other occupation;2020;2399
42000;Civil engineering;Other occupation;2021;4699
42000;Civil engineering;Other occupation;2022;4200
42000;Civil engineering;Other occupation;2023;5647
42000;Civil engineering;Other occupation;2024;5232
43201;Electrical installation etc.;New buildings and extensions;2015;6782
43201;Electrical installation etc.;New buildings and extensions;2016;6872
43201;Electrical installation etc.;New buildings and extensions;2017;7808
43201;Electrical installation etc.;New buildings and extensions;2018;6807
43201;Electrical installation etc.;New buildings and extensions;2019;9845
43201;Electrical installation etc.;New buildings and extensions;2020;10793
43201;Electrical installation etc.;New buildings and extensions;2021;9659
43201;Electrical installation etc.;New buildings and extensions;2022;11967
43201;Electrical installation etc.;New buildings and extensions;2023;11734
43201;Electrical installation etc.;New buildings and extensions;2024;13417
43201;Electrical installation etc.;New buildings and extensions_housing;2015;2161
43201;Electrical installation etc.;New buildings and extensions_housing;2016;2053
43201;Electrical installation etc.;New buildings and extensions_housing;2017;3016
43201;Electrical installation etc.;New buildings and extensions_housing;2018;2787
43201;Electrical installation etc.;New buildings and extensions_housing;2019;4456
43201;Electrical installation etc.;New buildings and extensions_housing;2020;4147
43201;Electrical installation etc.;New buildings and extensions_housing;2021;4137
43201;Electrical installation etc.;New buildings and extensions_housing;2022;5475
43201;Electrical installation etc.;New buildings and extensions_housing;2023;5527
43201;Electrical installation etc.;New buildings and extensions_housing;2024;3625
43201;Electrical installation etc.;New buildings and extensions_other;2015;4621
43201;Electrical installation etc.;New buildings and extensions_other;2016;4819
43201;Electrical installation etc.;New buildings and extensions_other;2017;4792
43201;Electrical installation etc.;New buildings and extensions_other;2018;4020
43201;Electrical installation etc.;New buildings and extensions_other;2019;5389
43201;Electrical installation etc.;New buildings and extensions_other;2020;6646
43201;Electrical installation etc.;New buildings and extensions_other;2021;5522
43201;Electrical installation etc.;New buildings and extensions_other;2022;6492
43201;Electrical installation etc.;New buildings and extensions_other;2023;6207
43201;Electrical installation etc.;New buildings and extensions_other;2024;9792
43201;Electrical installation etc.;Repair and maintenance_major repair_housing;2015;2181
43201;Electrical installation etc.;Repair and maintenance_major repair_housing;2016;1591
43201;Electrical installation etc.;Repair and maintenance_major repair_housing;2017;2488
43201;Electrical installation etc.;Repair and maintenance_major repair_housing;2018;1970
43201;Electrical installation etc.;Repair and maintenance_major repair_housing;2019;3430
43201;Electrical installation etc.;Repair and maintenance_major repair_housing;2020;3203
43201;Electrical installation etc.;Repair and maintenance_major repair_housing;2021;4082
43201;Electrical installation etc.;Repair and maintenance_major repair_housing;2022;6049
43201;Electrical installation etc.;Repair and maintenance_major repair_housing;2023;4706
43201;Electrical installation etc.;Repair and maintenance_major repair_housing;2024;5125
43201;Electrical installation etc.;Repair and maintenance_major repair_other;2015;3072
43201;Electrical installation etc.;Repair and maintenance_major repair_other;2016;2589
43201;Electrical installation etc.;Repair and maintenance_major repair_other;2017;3447
43201;Electrical installation etc.;Repair and maintenance_major repair_other;2018;4238
43201;Electrical installation etc.;Repair and maintenance_major repair_other;2019;2682
43201;Electrical installation etc.;Repair and maintenance_major repair_other;2020;2576
43201;Electrical installation etc.;Repair and maintenance_major repair_other;2021;2600
43201;Electrical installation etc.;Repair and maintenance_major repair_other;2022;3142
43201;Electrical installation etc.;Repair and maintenance_major repair_other;2023;3785
43201;Electrical installation etc.;Repair and maintenance_major repair_other;2024;4075
43201;Electrical installation etc.;Repair and maintenance_maintenance_housing;2015;2738
43201;Electrical installation etc.;Repair and maintenance_maintenance_housing;2016;2219
43201;Electrical installation etc.;Repair and maintenance_maintenance_housing;2017;2738
43201;Electrical installation etc.;Repair and maintenance_maintenance_housing;2018;2550
43201;Electrical installation etc.;Repair and maintenance_maintenance_housing;2019;2565
43201;Electrical installation etc.;Repair and maintenance_maintenance_housing;2020;2723
43201;Electrical installation etc.;Repair and maintenance_maintenance_housing;2021;3198
43201;Electrical installation etc.;Repair and maintenance_maintenance_housing;2022;3123
43201;Electrical installation etc.;Repair and maintenance_maintenance_housing;2023;3022
43201;Electrical installation etc.;Repair and maintenance_maintenance_housing;2024;6070
43201;Electrical installation etc.;Repair and maintenance_maintenance_other;2015;3705
43201;Electrical installation etc.;Repair and maintenance_maintenance_other;2016;4256
43201;Electrical installation etc.;Repair and maintenance_maintenance_other;2017;4605
43201;Electrical installation etc.;Repair and maintenance_maintenance_other;2018;3685
43201;Electrical installation etc.;Repair and maintenance_maintenance_other;2019;2643
43201;Electrical installation etc.;Repair and maintenance_maintenance_other;2020;3260
43201;Electrical installation etc.;Repair and maintenance_maintenance_other;2021;4084
43201;Electrical installation etc.;Repair and maintenance_maintenance_other;2022;5491
43201;Electrical installation etc.;Repair and maintenance_maintenance_other;2023;4774
43201;Electrical installation etc.;Repair and maintenance_maintenance_other;2024;4499
43201;Electrical installation etc.;Civil engineering;2015;5402
43201;Electrical installation etc.;Civil engineering;2016;4380
43201;Electrical installation etc.;Civil engineering;2017;5962
43201;Electrical installation etc.;Civil engineering;2018;4276
43201;Electrical installation etc.;Civil engineering;2019;3387
43201;Electrical installation etc.;Civil engineering;2020;3875
43201;Electrical installation etc.;Civil engineering;2021;3652
43201;Electrical installation etc.;Civil engineering;2022;6071
43201;Electrical installation etc.;Civil engineering;2023;5784
43201;Electrical installation etc.;Civil engineering;2024;7046
43201;Electrical installation etc.;Civil engineering_new construction;2015;3032
43201;Electrical installation etc.;Civil engineering_new construction;2016;2090
43201;Electrical installation etc.;Civil engineering_new construction;2017;3271
43201;Electrical installation etc.;Civil engineering_new construction;2018;2330
43201;Electrical installation etc.;Civil engineering_new construction;2019;1683
43201;Electrical installation etc.;Civil engineering_new construction;2020;1773
43201;Electrical installation etc.;Civil engineering_new construction;2021;1530
43201;Electrical installation etc.;Civil engineering_new construction;2022;2860
43201;Electrical installation etc.;Civil engineering_new construction;2023;2545
43201;Electrical installation etc.;Civil engineering_new construction;2024;4376
43201;Electrical installation etc.;Civil engineering_major repair;2015;842
43201;Electrical installation etc.;Civil engineering_major repair;2016;699
43201;Electrical installation etc.;Civil engineering_major repair;2017;1026
43201;Electrical installation etc.;Civil engineering_major repair;2018;908
43201;Electrical installation etc.;Civil engineering_major repair;2019;852
43201;Electrical installation etc.;Civil engineering_major repair;2020;991
43201;Electrical installation etc.;Civil engineering_major repair;2021;1345
43201;Electrical installation etc.;Civil engineering_major repair;2022;1451
43201;Electrical installation etc.;Civil engineering_major repair;2023;1465
43201;Electrical installation etc.;Civil engineering_major repair;2024;939
43201;Electrical installation etc.;Civil engineering_maintenance;2015;1529
43201;Electrical installation etc.;Civil engineering_maintenance;2016;1591
43201;Electrical installation etc.;Civil engineering_maintenance;2017;1664
43201;Electrical installation etc.;Civil engineering_maintenance;2018;1039
43201;Electrical installation etc.;Civil engineering_maintenance;2019;851
43201;Electrical installation etc.;Civil engineering_maintenance;2020;1111
43201;Electrical installation etc.;Civil engineering_maintenance;2021;777
43201;Electrical installation etc.;Civil engineering_maintenance;2022;1759
43201;Electrical installation etc.;Civil engineering_maintenance;2023;1774
43201;Electrical installation etc.;Civil engineering_maintenance;2024;1731
43201;Electrical installation etc.;Other occupation;2015;2656
43201;Electrical installation etc.;Other occupation;2016;1576
43201;Electrical installation etc.;Other occupation;2017;1592
43201;Electrical installation etc.;Other occupation;2018;1920
43201;Electrical installation etc.;Other occupation;2019;2526
43201;Electrical installation etc.;Other occupation;2020;2669
43201;Electrical installation etc.;Other occupation;2021;2955
43201;Electrical installation etc.;Other occupation;2022;2261
43201;Electrical installation etc.;Other occupation;2023;1844
43201;Electrical installation etc.;Other occupation;2024;1332
432200;Plumbing, heat and air-conditioning installation;New buildings and extensions;2015;6076
432200;Plumbing, heat and air-conditioning installation;New buildings and extensions;2016;6259
432200;Plumbing, heat and air-conditioning installation;New buildings and extensions;2017;6795
432200;Plumbing, heat and air-conditioning installation;New buildings and extensions;2018;7469
432200;Plumbing, heat and air-conditioning installation;New buildings and extensions;2019;9230
432200;Plumbing, heat and air-conditioning installation;New buildings and extensions;2020;9820
432200;Plumbing, heat and air-conditioning installation;New buildings and extensions;2021;9655
432200;Plumbing, heat and air-conditioning installation;New buildings and extensions;2022;10399
432200;Plumbing, heat and air-conditioning installation;New buildings and extensions;2023;11229
432200;Plumbing, heat and air-conditioning installation;New buildings and extensions;2024;9675
432200;Plumbing, heat and air-conditioning installation;New buildings and extensions_housing;2015;2831
432200;Plumbing, heat and air-conditioning installation;New buildings and extensions_housing;2016;3119
432200;Plumbing, heat and air-conditioning installation;New buildings and extensions_housing;2017;4056
432200;Plumbing, heat and air-conditioning installation;New buildings and extensions_housing;2018;4288
432200;Plumbing, heat and air-conditioning installation;New buildings and extensions_housing;2019;5111
432200;Plumbing, heat and air-conditioning installation;New buildings and extensions_housing;2020;5559
432200;Plumbing, heat and air-conditioning installation;New buildings and extensions_housing;2021;5263
432200;Plumbing, heat and air-conditioning installation;New buildings and extensions_housing;2022;5331
432200;Plumbing, heat and air-conditioning installation;New buildings and extensions_housing;2023;6126
432200;Plumbing, heat and air-conditioning installation;New buildings and extensions_housing;2024;5140
432200;Plumbing, heat and air-conditioning installation;New buildings and extensions_other;2015;3245
432200;Plumbing, heat and air-conditioning installation;New buildings and extensions_other;2016;3140
432200;Plumbing, heat and air-conditioning installation;New buildings and extensions_other;2017;2739
432200;Plumbing, heat and air-conditioning installation;New buildings and extensions_other;2018;3181
432200;Plumbing, heat and air-conditioning installation;New buildings and extensions_other;2019;4119
432200;Plumbing, heat and air-conditioning installation;New buildings and extensions_other;2020;4261
432200;Plumbing, heat and air-conditioning installation;New buildings and extensions_other;2021;4392
432200;Plumbing, heat and air-conditioning installation;New buildings and extensions_other;2022;5068
432200;Plumbing, heat and air-conditioning installation;New buildings and extensions_other;2023;5103
432200;Plumbing, heat and air-conditioning installation;New buildings and extensions_other;2024;4535
432200;Plumbing, heat and air-conditioning installation;Repair and maintenance_major repair_housing;2015;2908
432200;Plumbing, heat and air-conditioning installation;Repair and maintenance_major repair_housing;2016;2606
432200;Plumbing, heat and air-conditioning installation;Repair and maintenance_major repair_housing;2017;3605
432200;Plumbing, heat and air-conditioning installation;Repair and maintenance_major repair_housing;2018;3909
432200;Plumbing, heat and air-conditioning installation;Repair and maintenance_major repair_housing;2019;3182
432200;Plumbing, heat and air-conditioning installation;Repair and maintenance_major repair_housing;2020;3177
432200;Plumbing, heat and air-conditioning installation;Repair and maintenance_major repair_housing;2021;3758
432200;Plumbing, heat and air-conditioning installation;Repair and maintenance_major repair_housing;2022;4317
432200;Plumbing, heat and air-conditioning installation;Repair and maintenance_major repair_housing;2023;3890
432200;Plumbing, heat and air-conditioning installation;Repair and maintenance_major repair_housing;2024;4067
432200;Plumbing, heat and air-conditioning installation;Repair and maintenance_major repair_other;2015;1318
432200;Plumbing, heat and air-conditioning installation;Repair and maintenance_major repair_other;2016;1218
432200;Plumbing, heat and air-conditioning installation;Repair and maintenance_major repair_other;2017;873
432200;Plumbing, heat and air-conditioning installation;Repair and maintenance_major repair_other;2018;1404
432200;Plumbing, heat and air-conditioning installation;Repair and maintenance_major repair_other;2019;1685
432200;Plumbing, heat and air-conditioning installation;Repair and maintenance_major repair_other;2020;1082
432200;Plumbing, heat and air-conditioning installation;Repair and maintenance_major repair_other;2021;1372
432200;Plumbing, heat and air-conditioning installation;Repair and maintenance_major repair_other;2022;1301
432200;Plumbing, heat and air-conditioning installation;Repair and maintenance_major repair_other;2023;1223
432200;Plumbing, heat and air-conditioning installation;Repair and maintenance_major repair_other;2024;2503
432200;Plumbing, heat and air-conditioning installation;Repair and maintenance_maintenance_housing;2015;3836
432200;Plumbing, heat and air-conditioning installation;Repair and maintenance_maintenance_housing;2016;4542
432200;Plumbing, heat and air-conditioning installation;Repair and maintenance_maintenance_housing;2017;3481
432200;Plumbing, heat and air-conditioning installation;Repair and maintenance_maintenance_housing;2018;3847
432200;Plumbing, heat and air-conditioning installation;Repair and maintenance_maintenance_housing;2019;4471
432200;Plumbing, heat and air-conditioning installation;Repair and maintenance_maintenance_housing;2020;5115
432200;Plumbing, heat and air-conditioning installation;Repair and maintenance_maintenance_housing;2021;4564
432200;Plumbing, heat and air-conditioning installation;Repair and maintenance_maintenance_housing;2022;5465
432200;Plumbing, heat and air-conditioning installation;Repair and maintenance_maintenance_housing;2023;4502
432200;Plumbing, heat and air-conditioning installation;Repair and maintenance_maintenance_housing;2024;4285
432200;Plumbing, heat and air-conditioning installation;Repair and maintenance_maintenance_other;2015;1678
432200;Plumbing, heat and air-conditioning installation;Repair and maintenance_maintenance_other;2016;1715
432200;Plumbing, heat and air-conditioning installation;Repair and maintenance_maintenance_other;2017;1361
432200;Plumbing, heat and air-conditioning installation;Repair and maintenance_maintenance_other;2018;1714
432200;Plumbing, heat and air-conditioning installation;Repair and maintenance_maintenance_other;2019;1768
432200;Plumbing, heat and air-conditioning installation;Repair and maintenance_maintenance_other;2020;1524
432200;Plumbing, heat and air-conditioning installation;Repair and maintenance_maintenance_other;2021;2650
432200;Plumbing, heat and air-conditioning installation;Repair and maintenance_maintenance_other;2022;2165
432200;Plumbing, heat and air-conditioning installation;Repair and maintenance_maintenance_other;2023;2096
432200;Plumbing, heat and air-conditioning installation;Repair and maintenance_maintenance_other;2024;2239
432200;Plumbing, heat and air-conditioning installation;Civil engineering;2015;2396
432200;Plumbing, heat and air-conditioning installation;Civil engineering;2016;3111
432200;Plumbing, heat and air-conditioning installation;Civil engineering;2017;4182
432200;Plumbing, heat and air-conditioning installation;Civil engineering;2018;4506
432200;Plumbing, heat and air-conditioning installation;Civil engineering;2019;3108
432200;Plumbing, heat and air-conditioning installation;Civil engineering;2020;3278
432200;Plumbing, heat and air-conditioning installation;Civil engineering;2021;2884
432200;Plumbing, heat and air-conditioning installation;Civil engineering;2022;3275
432200;Plumbing, heat and air-conditioning installation;Civil engineering;2023;3968
432200;Plumbing, heat and air-conditioning installation;Civil engineering;2024;4370
432200;Plumbing, heat and air-conditioning installation;Civil engineering_new construction;2015;887
432200;Plumbing, heat and air-conditioning installation;Civil engineering_new construction;2016;1556
432200;Plumbing, heat and air-conditioning installation;Civil engineering_new construction;2017;2745
432200;Plumbing, heat and air-conditioning installation;Civil engineering_new construction;2018;2750
432200;Plumbing, heat and air-conditioning installation;Civil engineering_new construction;2019;1587
432200;Plumbing, heat and air-conditioning installation;Civil engineering_new construction;2020;1624
432200;Plumbing, heat and air-conditioning installation;Civil engineering_new construction;2021;1157
432200;Plumbing, heat and air-conditioning installation;Civil engineering_new construction;2022;1312
432200;Plumbing, heat and air-conditioning installation;Civil engineering_new construction;2023;1076
432200;Plumbing, heat and air-conditioning installation;Civil engineering_new construction;2024;2408
432200;Plumbing, heat and air-conditioning installation;Civil engineering_major repair;2015;801
432200;Plumbing, heat and air-conditioning installation;Civil engineering_major repair;2016;842
432200;Plumbing, heat and air-conditioning installation;Civil engineering_major repair;2017;776
432200;Plumbing, heat and air-conditioning installation;Civil engineering_major repair;2018;1289
432200;Plumbing, heat and air-conditioning installation;Civil engineering_major repair;2019;1126
432200;Plumbing, heat and air-conditioning installation;Civil engineering_major repair;2020;881
432200;Plumbing, heat and air-conditioning installation;Civil engineering_major repair;2021;1170
432200;Plumbing, heat and air-conditioning installation;Civil engineering_major repair;2022;1495
432200;Plumbing, heat and air-conditioning installation;Civil engineering_major repair;2023;2300
432200;Plumbing, heat and air-conditioning installation;Civil engineering_major repair;2024;1026
432200;Plumbing, heat and air-conditioning installation;Civil engineering_maintenance;2015;709
432200;Plumbing, heat and air-conditioning installation;Civil engineering_maintenance;2016;714
432200;Plumbing, heat and air-conditioning installation;Civil engineering_maintenance;2017;661
432200;Plumbing, heat and air-conditioning installation;Civil engineering_maintenance;2018;468
432200;Plumbing, heat and air-conditioning installation;Civil engineering_maintenance;2019;395
432200;Plumbing, heat and air-conditioning installation;Civil engineering_maintenance;2020;773
432200;Plumbing, heat and air-conditioning installation;Civil engineering_maintenance;2021;557
432200;Plumbing, heat and air-conditioning installation;Civil engineering_maintenance;2022;468
432200;Plumbing, heat and air-conditioning installation;Civil engineering_maintenance;2023;592
432200;Plumbing, heat and air-conditioning installation;Civil engineering_maintenance;2024;936
432200;Plumbing, heat and air-conditioning installation;Other occupation;2015;2459
432200;Plumbing, heat and air-conditioning installation;Other occupation;2016;202
432200;Plumbing, heat and air-conditioning installation;Other occupation;2017;447
432200;Plumbing, heat and air-conditioning installation;Other occupation;2018;254
432200;Plumbing, heat and air-conditioning installation;Other occupation;2019;166
432200;Plumbing, heat and air-conditioning installation;Other occupation;2020;742
432200;Plumbing, heat and air-conditioning installation;Other occupation;2021;892
432200;Plumbing, heat and air-conditioning installation;Other occupation;2022;933
432200;Plumbing, heat and air-conditioning installation;Other occupation;2023;1110
432200;Plumbing, heat and air-conditioning installation;Other occupation;2024;1005
43301;Joinery installation etc.;New buildings and extensions;2015;13821
43301;Joinery installation etc.;New buildings and extensions;2016;15328
43301;Joinery installation etc.;New buildings and extensions;2017;22387
43301;Joinery installation etc.;New buildings and extensions;2018;20670
43301;Joinery installation etc.;New buildings and extensions;2019;22750
43301;Joinery installation etc.;New buildings and extensions;2020;24422
43301;Joinery installation etc.;New buildings and extensions;2021;26301
43301;Joinery installation etc.;New buildings and extensions;2022;25439
43301;Joinery installation etc.;New buildings and extensions;2023;22324
43301;Joinery installation etc.;New buildings and extensions;2024;19270
43301;Joinery installation etc.;New buildings and extensions_housing;2015;6648
43301;Joinery installation etc.;New buildings and extensions_housing;2016;6710
43301;Joinery installation etc.;New buildings and extensions_housing;2017;14466
43301;Joinery installation etc.;New buildings and extensions_housing;2018;12129
43301;Joinery installation etc.;New buildings and extensions_housing;2019;13839
43301;Joinery installation etc.;New buildings and extensions_housing;2020;15127
43301;Joinery installation etc.;New buildings and extensions_housing;2021;16924
43301;Joinery installation etc.;New buildings and extensions_housing;2022;13679
43301;Joinery installation etc.;New buildings and extensions_housing;2023;11644
43301;Joinery installation etc.;New buildings and extensions_housing;2024;9395
43301;Joinery installation etc.;New buildings and extensions_other;2015;7173
43301;Joinery installation etc.;New buildings and extensions_other;2016;8618
43301;Joinery installation etc.;New buildings and extensions_other;2017;7921
43301;Joinery installation etc.;New buildings and extensions_other;2018;8541
43301;Joinery installation etc.;New buildings and extensions_other;2019;8911
43301;Joinery installation etc.;New buildings and extensions_other;2020;9295
43301;Joinery installation etc.;New buildings and extensions_other;2021;9377
43301;Joinery installation etc.;New buildings and extensions_other;2022;11760
43301;Joinery installation etc.;New buildings and extensions_other;2023;10680
43301;Joinery installation etc.;New buildings and extensions_other;2024;9875
43301;Joinery installation etc.;Repair and maintenance_major repair_housing;2015;6548
43301;Joinery installation etc.;Repair and maintenance_major repair_housing;2016;7302
43301;Joinery installation etc.;Repair and maintenance_major repair_housing;2017;7181
43301;Joinery installation etc.;Repair and maintenance_major repair_housing;2018;6776
43301;Joinery installation etc.;Repair and maintenance_major repair_housing;2019;8124
43301;Joinery installation etc.;Repair and maintenance_major repair_housing;2020;11635
43301;Joinery installation etc.;Repair and maintenance_major repair_housing;2021;11671
43301;Joinery installation etc.;Repair and maintenance_major repair_housing;2022;14668
43301;Joinery installation etc.;Repair and maintenance_major repair_housing;2023;12954
43301;Joinery installation etc.;Repair and maintenance_major repair_housing;2024;14171
43301;Joinery installation etc.;Repair and maintenance_major repair_other;2015;7631
43301;Joinery installation etc.;Repair and maintenance_major repair_other;2016;7350
43301;Joinery installation etc.;Repair and maintenance_major repair_other;2017;6866
43301;Joinery installation etc.;Repair and maintenance_major repair_other;2018;6781
43301;Joinery installation etc.;Repair and maintenance_major repair_other;2019;5382
43301;Joinery installation etc.;Repair and maintenance_major repair_other;2020;4848
43301;Joinery installation etc.;Repair and maintenance_major repair_other;2021;5517
43301;Joinery installation etc.;Repair and maintenance_major repair_other;2022;1807
43301;Joinery installation etc.;Repair and maintenance_major repair_other;2023;4842
43301;Joinery installation etc.;Repair and maintenance_major repair_other;2024;6427
43301;Joinery installation etc.;Repair and maintenance_maintenance_housing;2015;5371
43301;Joinery installation etc.;Repair and maintenance_maintenance_housing;2016;4762
43301;Joinery installation etc.;Repair and maintenance_maintenance_housing;2017;4058
43301;Joinery installation etc.;Repair and maintenance_maintenance_housing;2018;5682
43301;Joinery installation etc.;Repair and maintenance_maintenance_housing;2019;6227
43301;Joinery installation etc.;Repair and maintenance_maintenance_housing;2020;7176
43301;Joinery installation etc.;Repair and maintenance_maintenance_housing;2021;6235
43301;Joinery installation etc.;Repair and maintenance_maintenance_housing;2022;10203
43301;Joinery installation etc.;Repair and maintenance_maintenance_housing;2023;9621
43301;Joinery installation etc.;Repair and maintenance_maintenance_housing;2024;10024
43301;Joinery installation etc.;Repair and maintenance_maintenance_other;2015;3186
43301;Joinery installation etc.;Repair and maintenance_maintenance_other;2016;4194
43301;Joinery installation etc.;Repair and maintenance_maintenance_other;2017;2094
43301;Joinery installation etc.;Repair and maintenance_maintenance_other;2018;3037
43301;Joinery installation etc.;Repair and maintenance_maintenance_other;2019;3349
43301;Joinery installation etc.;Repair and maintenance_maintenance_other;2020;2194
43301;Joinery installation etc.;Repair and maintenance_maintenance_other;2021;3899
43301;Joinery installation etc.;Repair and maintenance_maintenance_other;2022;2954
43301;Joinery installation etc.;Repair and maintenance_maintenance_other;2023;4003
43301;Joinery installation etc.;Repair and maintenance_maintenance_other;2024;3650
43301;Joinery installation etc.;Civil engineering;2015;557
43301;Joinery installation etc.;Civil engineering;2016;981
43301;Joinery installation etc.;Civil engineering;2017;1214
43301;Joinery installation etc.;Civil engineering;2018;895
43301;Joinery installation etc.;Civil engineering;2019;698
43301;Joinery installation etc.;Civil engineering;2020;839
43301;Joinery installation etc.;Civil engineering;2021;609
43301;Joinery installation etc.;Civil engineering;2022;1062
43301;Joinery installation etc.;Civil engineering;2023;999
43301;Joinery installation etc.;Civil engineering;2024;1249
43301;Joinery installation etc.;Civil engineering_new construction;2015;198
43301;Joinery installation etc.;Civil engineering_new construction;2016;288
43301;Joinery installation etc.;Civil engineering_new construction;2017;411
43301;Joinery installation etc.;Civil engineering_new construction;2018;294
43301;Joinery installation etc.;Civil engineering_new construction;2019;189
43301;Joinery installation etc.;Civil engineering_new construction;2020;423
43301;Joinery installation etc.;Civil engineering_new construction;2021;325
43301;Joinery installation etc.;Civil engineering_new construction;2022;248
43301;Joinery installation etc.;Civil engineering_new construction;2023;265
43301;Joinery installation etc.;Civil engineering_new construction;2024;463
43301;Joinery installation etc.;Civil engineering_major repair;2015;228
43301;Joinery installation etc.;Civil engineering_major repair;2016;376
43301;Joinery installation etc.;Civil engineering_major repair;2017;453
43301;Joinery installation etc.;Civil engineering_major repair;2018;313
43301;Joinery installation etc.;Civil engineering_major repair;2019;361
43301;Joinery installation etc.;Civil engineering_major repair;2020;338
43301;Joinery installation etc.;Civil engineering_major repair;2021;206
43301;Joinery installation etc.;Civil engineering_major repair;2022;472
43301;Joinery installation etc.;Civil engineering_major repair;2023;661
43301;Joinery installation etc.;Civil engineering_major repair;2024;459
43301;Joinery installation etc.;Civil engineering_maintenance;2015;131
43301;Joinery installation etc.;Civil engineering_maintenance;2016;317
43301;Joinery installation etc.;Civil engineering_maintenance;2017;350
43301;Joinery installation etc.;Civil engineering_maintenance;2018;288
43301;Joinery installation etc.;Civil engineering_maintenance;2019;148
43301;Joinery installation etc.;Civil engineering_maintenance;2020;77
43301;Joinery installation etc.;Civil engineering_maintenance;2021;78
43301;Joinery installation etc.;Civil engineering_maintenance;2022;342
43301;Joinery installation etc.;Civil engineering_maintenance;2023;73
43301;Joinery installation etc.;Civil engineering_maintenance;2024;327
43301;Joinery installation etc.;Other occupation;2015;403
43301;Joinery installation etc.;Other occupation;2016;789
43301;Joinery installation etc.;Other occupation;2017;1230
43301;Joinery installation etc.;Other occupation;2018;859
43301;Joinery installation etc.;Other occupation;2019;1066
43301;Joinery installation etc.;Other occupation;2020;692
43301;Joinery installation etc.;Other occupation;2021;811
43301;Joinery installation etc.;Other occupation;2022;963
43301;Joinery installation etc.;Other occupation;2023;699
43301;Joinery installation etc.;Other occupation;2024;656
43302;Painting and Glazing etc.;New buildings and extensions;2015;2381
43302;Painting and Glazing etc.;New buildings and extensions;2016;2241
43302;Painting and Glazing etc.;New buildings and extensions;2017;2465
43302;Painting and Glazing etc.;New buildings and extensions;2018;2982
43302;Painting and Glazing etc.;New buildings and extensions;2019;3471
43302;Painting and Glazing etc.;New buildings and extensions;2020;4078
43302;Painting and Glazing etc.;New buildings and extensions;2021;4440
43302;Painting and Glazing etc.;New buildings and extensions;2022;4399
43302;Painting and Glazing etc.;New buildings and extensions;2023;3899
43302;Painting and Glazing etc.;New buildings and extensions;2024;3541
43302;Painting and Glazing etc.;New buildings and extensions_housing;2015;1542
43302;Painting and Glazing etc.;New buildings and extensions_housing;2016;1265
43302;Painting and Glazing etc.;New buildings and extensions_housing;2017;1273
43302;Painting and Glazing etc.;New buildings and extensions_housing;2018;2138
43302;Painting and Glazing etc.;New buildings and extensions_housing;2019;2099
43302;Painting and Glazing etc.;New buildings and extensions_housing;2020;3074
43302;Painting and Glazing etc.;New buildings and extensions_housing;2021;2578
43302;Painting and Glazing etc.;New buildings and extensions_housing;2022;2881
43302;Painting and Glazing etc.;New buildings and extensions_housing;2023;3262
43302;Painting and Glazing etc.;New buildings and extensions_housing;2024;1614
43302;Painting and Glazing etc.;New buildings and extensions_other;2015;839
43302;Painting and Glazing etc.;New buildings and extensions_other;2016;976
43302;Painting and Glazing etc.;New buildings and extensions_other;2017;1192
43302;Painting and Glazing etc.;New buildings and extensions_other;2018;844
43302;Painting and Glazing etc.;New buildings and extensions_other;2019;1372
43302;Painting and Glazing etc.;New buildings and extensions_other;2020;1004
43302;Painting and Glazing etc.;New buildings and extensions_other;2021;1862
43302;Painting and Glazing etc.;New buildings and extensions_other;2022;1518
43302;Painting and Glazing etc.;New buildings and extensions_other;2023;637
43302;Painting and Glazing etc.;New buildings and extensions_other;2024;1927
43302;Painting and Glazing etc.;Repair and maintenance_major repair_housing;2015;1594
43302;Painting and Glazing etc.;Repair and maintenance_major repair_housing;2016;1222
43302;Painting and Glazing etc.;Repair and maintenance_major repair_housing;2017;1479
43302;Painting and Glazing etc.;Repair and maintenance_major repair_housing;2018;1461
43302;Painting and Glazing etc.;Repair and maintenance_major repair_housing;2019;1454
43302;Painting and Glazing etc.;Repair and maintenance_major repair_housing;2020;2170
43302;Painting and Glazing etc.;Repair and maintenance_major repair_housing;2021;2314
43302;Painting and Glazing etc.;Repair and maintenance_major repair_housing;2022;2878
43302;Painting and Glazing etc.;Repair and maintenance_major repair_housing;2023;2782
43302;Painting and Glazing etc.;Repair and maintenance_major repair_housing;2024;1782
43302;Painting and Glazing etc.;Repair and maintenance_major repair_other;2015;509
43302;Painting and Glazing etc.;Repair and maintenance_major repair_other;2016;1004
43302;Painting and Glazing etc.;Repair and maintenance_major repair_other;2017;853
43302;Painting and Glazing etc.;Repair and maintenance_major repair_other;2018;938
43302;Painting and Glazing etc.;Repair and maintenance_major repair_other;2019;905
43302;Painting and Glazing etc.;Repair and maintenance_major repair_other;2020;936
43302;Painting and Glazing etc.;Repair and maintenance_major repair_other;2021;755
43302;Painting and Glazing etc.;Repair and maintenance_major repair_other;2022;880
43302;Painting and Glazing etc.;Repair and maintenance_major repair_other;2023;596
43302;Painting and Glazing etc.;Repair and maintenance_major repair_other;2024;1074
43302;Painting and Glazing etc.;Repair and maintenance_maintenance_housing;2015;2796
43302;Painting and Glazing etc.;Repair and maintenance_maintenance_housing;2016;3480
43302;Painting and Glazing etc.;Repair and maintenance_maintenance_housing;2017;2881
43302;Painting and Glazing etc.;Repair and maintenance_maintenance_housing;2018;3334
43302;Painting and Glazing etc.;Repair and maintenance_maintenance_housing;2019;3182
43302;Painting and Glazing etc.;Repair and maintenance_maintenance_housing;2020;3199
43302;Painting and Glazing etc.;Repair and maintenance_maintenance_housing;2021;3232
43302;Painting and Glazing etc.;Repair and maintenance_maintenance_housing;2022;3557
43302;Painting and Glazing etc.;Repair and maintenance_maintenance_housing;2023;3486
43302;Painting and Glazing etc.;Repair and maintenance_maintenance_housing;2024;3849
43302;Painting and Glazing etc.;Repair and maintenance_maintenance_other;2015;1210
43302;Painting and Glazing etc.;Repair and maintenance_maintenance_other;2016;882
43302;Painting and Glazing etc.;Repair and maintenance_maintenance_other;2017;1246
43302;Painting and Glazing etc.;Repair and maintenance_maintenance_other;2018;1098
43302;Painting and Glazing etc.;Repair and maintenance_maintenance_other;2019;1408
43302;Painting and Glazing etc.;Repair and maintenance_maintenance_other;2020;1058
43302;Painting and Glazing etc.;Repair and maintenance_maintenance_other;2021;625
43302;Painting and Glazing etc.;Repair and maintenance_maintenance_other;2022;1049
43302;Painting and Glazing etc.;Repair and maintenance_maintenance_other;2023;1419
43302;Painting and Glazing etc.;Repair and maintenance_maintenance_other;2024;1141
43302;Painting and Glazing etc.;Civil engineering;2015;45
43302;Painting and Glazing etc.;Civil engineering;2016;169
43302;Painting and Glazing etc.;Civil engineering;2017;80
43302;Painting and Glazing etc.;Civil engineering;2018;306
43302;Painting and Glazing etc.;Civil engineering;2019;80
43302;Painting and Glazing etc.;Civil engineering;2020;99
43302;Painting and Glazing etc.;Civil engineering;2021;142
43302;Painting and Glazing etc.;Civil engineering;2022;217
43302;Painting and Glazing etc.;Civil engineering;2023;356
43302;Painting and Glazing etc.;Civil engineering;2024;932
43302;Painting and Glazing etc.;Civil engineering_new construction;2015;9
43302;Painting and Glazing etc.;Civil engineering_new construction;2016;17
43302;Painting and Glazing etc.;Civil engineering_new construction;2017;19
43302;Painting and Glazing etc.;Civil engineering_new construction;2018;93
43302;Painting and Glazing etc.;Civil engineering_new construction;2019;3
43302;Painting and Glazing etc.;Civil engineering_new construction;2020;31
43302;Painting and Glazing etc.;Civil engineering_new construction;2021;16
43302;Painting and Glazing etc.;Civil engineering_new construction;2022;7
43302;Painting and Glazing etc.;Civil engineering_new construction;2023;41
43302;Painting and Glazing etc.;Civil engineering_new construction;2024;555
43302;Painting and Glazing etc.;Civil engineering_major repair;2015;15
43302;Painting and Glazing etc.;Civil engineering_major repair;2016;11
43302;Painting and Glazing etc.;Civil engineering_major repair;2017;44
43302;Painting and Glazing etc.;Civil engineering_major repair;2018;32
43302;Painting and Glazing etc.;Civil engineering_major repair;2019;25
43302;Painting and Glazing etc.;Civil engineering_major repair;2020;9
43302;Painting and Glazing etc.;Civil engineering_major repair;2021;104
43302;Painting and Glazing etc.;Civil engineering_major repair;2022;202
43302;Painting and Glazing etc.;Civil engineering_major repair;2023;98
43302;Painting and Glazing etc.;Civil engineering_major repair;2024;293
43302;Painting and Glazing etc.;Civil engineering_maintenance;2015;21
43302;Painting and Glazing etc.;Civil engineering_maintenance;2016;142
43302;Painting and Glazing etc.;Civil engineering_maintenance;2017;17
43302;Painting and Glazing etc.;Civil engineering_maintenance;2018;181
43302;Painting and Glazing etc.;Civil engineering_maintenance;2019;52
43302;Painting and Glazing etc.;Civil engineering_maintenance;2020;59
43302;Painting and Glazing etc.;Civil engineering_maintenance;2021;21
43302;Painting and Glazing etc.;Civil engineering_maintenance;2022;8
43302;Painting and Glazing etc.;Civil engineering_maintenance;2023;217
43302;Painting and Glazing etc.;Civil engineering_maintenance;2024;84
43302;Painting and Glazing etc.;Other occupation;2015;129
43302;Painting and Glazing etc.;Other occupation;2016;93
43302;Painting and Glazing etc.;Other occupation;2017;91
43302;Painting and Glazing etc.;Other occupation;2018;130
43302;Painting and Glazing etc.;Other occupation;2019;96
43302;Painting and Glazing etc.;Other occupation;2020;89
43302;Painting and Glazing etc.;Other occupation;2021;207
43302;Painting and Glazing etc.;Other occupation;2022;196
43302;Painting and Glazing etc.;Other occupation;2023;75
43302;Painting and Glazing etc.;Other occupation;2024;396
439910;Bricklayers;New buildings and extensions;2015;4016
439910;Bricklayers;New buildings and extensions;2016;4647
439910;Bricklayers;New buildings and extensions;2017;5300
439910;Bricklayers;New buildings and extensions;2018;6342
439910;Bricklayers;New buildings and extensions;2019;7474
439910;Bricklayers;New buildings and extensions;2020;7512
439910;Bricklayers;New buildings and extensions;2021;6978
439910;Bricklayers;New buildings and extensions;2022;6714
439910;Bricklayers;New buildings and extensions;2023;6026
439910;Bricklayers;New buildings and extensions;2024;5839
439910;Bricklayers;New buildings and extensions_housing;2015;2177
439910;Bricklayers;New buildings and extensions_housing;2016;2824
439910;Bricklayers;New buildings and extensions_housing;2017;3324
439910;Bricklayers;New buildings and extensions_housing;2018;4559
439910;Bricklayers;New buildings and extensions_housing;2019;5671
439910;Bricklayers;New buildings and extensions_housing;2020;5284
439910;Bricklayers;New buildings and extensions_housing;2021;5481
439910;Bricklayers;New buildings and extensions_housing;2022;5558
439910;Bricklayers;New buildings and extensions_housing;2023;3966
439910;Bricklayers;New buildings and extensions_housing;2024;3577
439910;Bricklayers;New buildings and extensions_other;2015;1839
439910;Bricklayers;New buildings and extensions_other;2016;1823
439910;Bricklayers;New buildings and extensions_other;2017;1976
439910;Bricklayers;New buildings and extensions_other;2018;1783
439910;Bricklayers;New buildings and extensions_other;2019;1803
439910;Bricklayers;New buildings and extensions_other;2020;2228
439910;Bricklayers;New buildings and extensions_other;2021;1497
439910;Bricklayers;New buildings and extensions_other;2022;1156
439910;Bricklayers;New buildings and extensions_other;2023;2060
439910;Bricklayers;New buildings and extensions_other;2024;2262
439910;Bricklayers;Repair and maintenance_major repair_housing;2015;2664
439910;Bricklayers;Repair and maintenance_major repair_housing;2016;2156
439910;Bricklayers;Repair and maintenance_major repair_housing;2017;2658
439910;Bricklayers;Repair and maintenance_major repair_housing;2018;2502
439910;Bricklayers;Repair and maintenance_major repair_housing;2019;2208
439910;Bricklayers;Repair and maintenance_major repair_housing;2020;2480
439910;Bricklayers;Repair and maintenance_major repair_housing;2021;3340
439910;Bricklayers;Repair and maintenance_major repair_housing;2022;2773
439910;Bricklayers;Repair and maintenance_major repair_housing;2023;3924
439910;Bricklayers;Repair and maintenance_major repair_housing;2024;3080
439910;Bricklayers;Repair and maintenance_major repair_other;2015;1087
439910;Bricklayers;Repair and maintenance_major repair_other;2016;1200
439910;Bricklayers;Repair and maintenance_major repair_other;2017;1084
439910;Bricklayers;Repair and maintenance_major repair_other;2018;688
439910;Bricklayers;Repair and maintenance_major repair_other;2019;562
439910;Bricklayers;Repair and maintenance_major repair_other;2020;704
439910;Bricklayers;Repair and maintenance_major repair_other;2021;683
439910;Bricklayers;Repair and maintenance_major repair_other;2022;1172
439910;Bricklayers;Repair and maintenance_major repair_other;2023;514
439910;Bricklayers;Repair and maintenance_major repair_other;2024;842
439910;Bricklayers;Repair and maintenance_maintenance_housing;2015;1405
439910;Bricklayers;Repair and maintenance_maintenance_housing;2016;1328
439910;Bricklayers;Repair and maintenance_maintenance_housing;2017;1160
439910;Bricklayers;Repair and maintenance_maintenance_housing;2018;1140
439910;Bricklayers;Repair and maintenance_maintenance_housing;2019;1400
439910;Bricklayers;Repair and maintenance_maintenance_housing;2020;1436
439910;Bricklayers;Repair and maintenance_maintenance_housing;2021;1455
439910;Bricklayers;Repair and maintenance_maintenance_housing;2022;2460
439910;Bricklayers;Repair and maintenance_maintenance_housing;2023;2073
439910;Bricklayers;Repair and maintenance_maintenance_housing;2024;1919
439910;Bricklayers;Repair and maintenance_maintenance_other;2015;354
439910;Bricklayers;Repair and maintenance_maintenance_other;2016;569
439910;Bricklayers;Repair and maintenance_maintenance_other;2017;381
439910;Bricklayers;Repair and maintenance_maintenance_other;2018;497
439910;Bricklayers;Repair and maintenance_maintenance_other;2019;406
439910;Bricklayers;Repair and maintenance_maintenance_other;2020;383
439910;Bricklayers;Repair and maintenance_maintenance_other;2021;897
439910;Bricklayers;Repair and maintenance_maintenance_other;2022;758
439910;Bricklayers;Repair and maintenance_maintenance_other;2023;296
439910;Bricklayers;Repair and maintenance_maintenance_other;2024;768
439910;Bricklayers;Civil engineering;2015;249
439910;Bricklayers;Civil engineering;2016;297
439910;Bricklayers;Civil engineering;2017;369
439910;Bricklayers;Civil engineering;2018;384
439910;Bricklayers;Civil engineering;2019;173
439910;Bricklayers;Civil engineering;2020;128
439910;Bricklayers;Civil engineering;2021;223
439910;Bricklayers;Civil engineering;2022;679
439910;Bricklayers;Civil engineering;2023;224
439910;Bricklayers;Civil engineering;2024;517
439910;Bricklayers;Civil engineering_new construction;2015;65
439910;Bricklayers;Civil engineering_new construction;2016;168
439910;Bricklayers;Civil engineering_new construction;2017;256
439910;Bricklayers;Civil engineering_new construction;2018;211
439910;Bricklayers;Civil engineering_new construction;2019;116
439910;Bricklayers;Civil engineering_new construction;2020;56
439910;Bricklayers;Civil engineering_new construction;2021;80
439910;Bricklayers;Civil engineering_new construction;2022;476
439910;Bricklayers;Civil engineering_new construction;2023;89
439910;Bricklayers;Civil engineering_new construction;2024;211
439910;Bricklayers;Civil engineering_major repair;2015;50
439910;Bricklayers;Civil engineering_major repair;2016;53
439910;Bricklayers;Civil engineering_major repair;2017;55
439910;Bricklayers;Civil engineering_major repair;2018;102
439910;Bricklayers;Civil engineering_major repair;2019;49
439910;Bricklayers;Civil engineering_major repair;2020;55
439910;Bricklayers;Civil engineering_major repair;2021;103
439910;Bricklayers;Civil engineering_major repair;2022;71
439910;Bricklayers;Civil engineering_major repair;2023;89
439910;Bricklayers;Civil engineering_major repair;2024;247
439910;Bricklayers;Civil engineering_maintenance;2015;134
439910;Bricklayers;Civil engineering_maintenance;2016;76
439910;Bricklayers;Civil engineering_maintenance;2017;57
439910;Bricklayers;Civil engineering_maintenance;2018;71
439910;Bricklayers;Civil engineering_maintenance;2019;9
439910;Bricklayers;Civil engineering_maintenance;2020;17
439910;Bricklayers;Civil engineering_maintenance;2021;40
439910;Bricklayers;Civil engineering_maintenance;2022;131
439910;Bricklayers;Civil engineering_maintenance;2023;46
439910;Bricklayers;Civil engineering_maintenance;2024;59
439910;Bricklayers;Other occupation;2015;13
439910;Bricklayers;Other occupation;2016;140
439910;Bricklayers;Other occupation;2017;19
439910;Bricklayers;Other occupation;2018;68
439910;Bricklayers;Other occupation;2019;90
439910;Bricklayers;Other occupation;2020;84
439910;Bricklayers;Other occupation;2021;196
439910;Bricklayers;Other occupation;2022;79
439910;Bricklayers;Other occupation;2023;77
439910;Bricklayers;Other occupation;2024;131
43003;Other specialized construction activities etc.;New buildings and extensions;2015;7234
43003;Other specialized construction activities etc.;New buildings and extensions;2016;7910
43003;Other specialized construction activities etc.;New buildings and extensions;2017;8615
43003;Other specialized construction activities etc.;New buildings and extensions;2018;8933
43003;Other specialized construction activities etc.;New buildings and extensions;2019;12883
43003;Other specialized construction activities etc.;New buildings and extensions;2020;15913
43003;Other specialized construction activities etc.;New buildings and extensions;2021;15527
43003;Other specialized construction activities etc.;New buildings and extensions;2022;19455
43003;Other specialized construction activities etc.;New buildings and extensions;2023;18331
43003;Other specialized construction activities etc.;New buildings and extensions;2024;17767
43003;Other specialized construction activities etc.;New buildings and extensions_housing;2015;2979
43003;Other specialized construction activities etc.;New buildings and extensions_housing;2016;3460
43003;Other specialized construction activities etc.;New buildings and extensions_housing;2017;3888
43003;Other specialized construction activities etc.;New buildings and extensions_housing;2018;5372
43003;Other specialized construction activities etc.;New buildings and extensions_housing;2019;7820
43003;Other specialized construction activities etc.;New buildings and extensions_housing;2020;7693
43003;Other specialized construction activities etc.;New buildings and extensions_housing;2021;8753
43003;Other specialized construction activities etc.;New buildings and extensions_housing;2022;9970
43003;Other specialized construction activities etc.;New buildings and extensions_housing;2023;8315
43003;Other specialized construction activities etc.;New buildings and extensions_housing;2024;6886
43003;Other specialized construction activities etc.;New buildings and extensions_other;2015;4255
43003;Other specialized construction activities etc.;New buildings and extensions_other;2016;4450
43003;Other specialized construction activities etc.;New buildings and extensions_other;2017;4727
43003;Other specialized construction activities etc.;New buildings and extensions_other;2018;3561
43003;Other specialized construction activities etc.;New buildings and extensions_other;2019;5063
43003;Other specialized construction activities etc.;New buildings and extensions_other;2020;8220
43003;Other specialized construction activities etc.;New buildings and extensions_other;2021;6774
43003;Other specialized construction activities etc.;New buildings and extensions_other;2022;9485
43003;Other specialized construction activities etc.;New buildings and extensions_other;2023;10016
43003;Other specialized construction activities etc.;New buildings and extensions_other;2024;10881
43003;Other specialized construction activities etc.;Repair and maintenance_major repair_housing;2015;2360
43003;Other specialized construction activities etc.;Repair and maintenance_major repair_housing;2016;2706
43003;Other specialized construction activities etc.;Repair and maintenance_major repair_housing;2017;3465
43003;Other specialized construction activities etc.;Repair and maintenance_major repair_housing;2018;3794
43003;Other specialized construction activities etc.;Repair and maintenance_major repair_housing;2019;5015
43003;Other specialized construction activities etc.;Repair and maintenance_major repair_housing;2020;4829
43003;Other specialized construction activities etc.;Repair and maintenance_major repair_housing;2021;5789
43003;Other specialized construction activities etc.;Repair and maintenance_major repair_housing;2022;4007
43003;Other specialized construction activities etc.;Repair and maintenance_major repair_housing;2023;4247
43003;Other specialized construction activities etc.;Repair and maintenance_major repair_housing;2024;3993
43003;Other specialized construction activities etc.;Repair and maintenance_major repair_other;2015;1951
43003;Other specialized construction activities etc.;Repair and maintenance_major repair_other;2016;2368
43003;Other specialized construction activities etc.;Repair and maintenance_major repair_other;2017;3011
43003;Other specialized construction activities etc.;Repair and maintenance_major repair_other;2018;2688
43003;Other specialized construction activities etc.;Repair and maintenance_major repair_other;2019;3233
43003;Other specialized construction activities etc.;Repair and maintenance_major repair_other;2020;3450
43003;Other specialized construction activities etc.;Repair and maintenance_major repair_other;2021;1534
43003;Other specialized construction activities etc.;Repair and maintenance_major repair_other;2022;3191
43003;Other specialized construction activities etc.;Repair and maintenance_major repair_other;2023;2949
43003;Other specialized construction activities etc.;Repair and maintenance_major repair_other;2024;2629
43003;Other specialized construction activities etc.;Repair and maintenance_maintenance_housing;2015;862
43003;Other specialized construction activities etc.;Repair and maintenance_maintenance_housing;2016;1222
43003;Other specialized construction activities etc.;Repair and maintenance_maintenance_housing;2017;1103
43003;Other specialized construction activities etc.;Repair and maintenance_maintenance_housing;2018;1106
43003;Other specialized construction activities etc.;Repair and maintenance_maintenance_housing;2019;969
43003;Other specialized construction activities etc.;Repair and maintenance_maintenance_housing;2020;1711
43003;Other specialized construction activities etc.;Repair and maintenance_maintenance_housing;2021;2672
43003;Other specialized construction activities etc.;Repair and maintenance_maintenance_housing;2022;5280
43003;Other specialized construction activities etc.;Repair and maintenance_maintenance_housing;2023;6454
43003;Other specialized construction activities etc.;Repair and maintenance_maintenance_housing;2024;5784
43003;Other specialized construction activities etc.;Repair and maintenance_maintenance_other;2015;974
43003;Other specialized construction activities etc.;Repair and maintenance_maintenance_other;2016;1661
43003;Other specialized construction activities etc.;Repair and maintenance_maintenance_other;2017;1463
43003;Other specialized construction activities etc.;Repair and maintenance_maintenance_other;2018;1135
43003;Other specialized construction activities etc.;Repair and maintenance_maintenance_other;2019;724
43003;Other specialized construction activities etc.;Repair and maintenance_maintenance_other;2020;1465
43003;Other specialized construction activities etc.;Repair and maintenance_maintenance_other;2021;1944
43003;Other specialized construction activities etc.;Repair and maintenance_maintenance_other;2022;693
43003;Other specialized construction activities etc.;Repair and maintenance_maintenance_other;2023;1471
43003;Other specialized construction activities etc.;Repair and maintenance_maintenance_other;2024;1319
43003;Other specialized construction activities etc.;Civil engineering;2015;6492
43003;Other specialized construction activities etc.;Civil engineering;2016;6197
43003;Other specialized construction activities etc.;Civil engineering;2017;6495
43003;Other specialized construction activities etc.;Civil engineering;2018;8213
43003;Other specialized construction activities etc.;Civil engineering;2019;6545
43003;Other specialized construction activities etc.;Civil engineering;2020;6378
43003;Other specialized construction activities etc.;Civil engineering;2021;8918
43003;Other specialized construction activities etc.;Civil engineering;2022;8265
43003;Other specialized construction activities etc.;Civil engineering;2023;8502
43003;Other specialized construction activities etc.;Civil engineering;2024;12535
43003;Other specialized construction activities etc.;Civil engineering_new construction;2015;4956
43003;Other specialized construction activities etc.;Civil engineering_new construction;2016;4500
43003;Other specialized construction activities etc.;Civil engineering_new construction;2017;4199
43003;Other specialized construction activities etc.;Civil engineering_new construction;2018;5417
43003;Other specialized construction activities etc.;Civil engineering_new construction;2019;4711
43003;Other specialized construction activities etc.;Civil engineering_new construction;2020;4241
43003;Other specialized construction activities etc.;Civil engineering_new construction;2021;6215
43003;Other specialized construction activities etc.;Civil engineering_new construction;2022;5583
43003;Other specialized construction activities etc.;Civil engineering_new construction;2023;5746
43003;Other specialized construction activities etc.;Civil engineering_new construction;2024;4987
43003;Other specialized construction activities etc.;Civil engineering_major repair;2015;553
43003;Other specialized construction activities etc.;Civil engineering_major repair;2016;743
43003;Other specialized construction activities etc.;Civil engineering_major repair;2017;700
43003;Other specialized construction activities etc.;Civil engineering_major repair;2018;1497
43003;Other specialized construction activities etc.;Civil engineering_major repair;2019;1330
43003;Other specialized construction activities etc.;Civil engineering_major repair;2020;1742
43003;Other specialized construction activities etc.;Civil engineering_major repair;2021;2222
43003;Other specialized construction activities etc.;Civil engineering_major repair;2022;2212
43003;Other specialized construction activities etc.;Civil engineering_major repair;2023;1024
43003;Other specialized construction activities etc.;Civil engineering_major repair;2024;6201
43003;Other specialized construction activities etc.;Civil engineering_maintenance;2015;983
43003;Other specialized construction activities etc.;Civil engineering_maintenance;2016;954
43003;Other specialized construction activities etc.;Civil engineering_maintenance;2017;1596
43003;Other specialized construction activities etc.;Civil engineering_maintenance;2018;1299
43003;Other specialized construction activities etc.;Civil engineering_maintenance;2019;503
43003;Other specialized construction activities etc.;Civil engineering_maintenance;2020;395
43003;Other specialized construction activities etc.;Civil engineering_maintenance;2021;481
43003;Other specialized construction activities etc.;Civil engineering_maintenance;2022;470
43003;Other specialized construction activities etc.;Civil engineering_maintenance;2023;1732
43003;Other specialized construction activities etc.;Civil engineering_maintenance;2024;1346
43003;Other specialized construction activities etc.;Other occupation;2015;2037
43003;Other specialized construction activities etc.;Other occupation;2016;2483
43003;Other specialized construction activities etc.;Other occupation;2017;2629
43003;Other specialized construction activities etc.;Other occupation;2018;2662
43003;Other specialized construction activities etc.;Other occupation;2019;2910
43003;Other specialized construction activities etc.;Other occupation;2020;2274
43003;Other specialized construction activities etc.;Other occupation;2021;4194
43003;Other specialized construction activities etc.;Other occupation;2022;3060
43003;Other specialized construction activities etc.;Other occupation;2023;2697
43003;Other specialized construction activities etc.;Other occupation;2024;2421
